Bosnia and Herzegovina;Босния и Герцеговина
Albania;Албания
Tirana;Тирана
Sarajevo;Сараево
Arinsal;Аринсал
Andorra;Андорра
La Massana;Ла Массана
Armenia;Армения
Yerevan;Ереван
Baden;Баден
Fyn;Фюн
Graz;Грац
Plodiv;Plodiv
Grossmugl;Grossmugl
Innsbruck;Инсбрук
Linz;Линц
Sofia;София
Mödling;Медлинг
Salzburg;Зальцбург
Bulgaria;Болгария
St. Kanzian;Санкт-Канциане
Veliko Tarnovo;Велико Тырново
Stockerau;Штоккерау
Vienna;Вена
South Karelia;Южная Карелия
Waidhofen An Der Ybbs;Вайдхофен-На-Ибсе
Weikendorf;Weikendorf
Austria;Австрия
Zahling;Zahling
Azerbaijan;Азербайджан
Baku;Баку
Ikast;Икаст
Belarus;Беларусь
Minsk;Минск
Istra;Истра
Antwerp;Антверпен
Brugges;Брюгге
Split;Сплит
Brussels;Брюссель
Gent;Гент
Belgium;Бельгия
Leuven;Левен
Croatia;Хорватия
Zagreb;Загреб
Odense;Оденсе
Cyprus;Кипр
Nicosia;Никосия
Brno;Брно
Hradec Kralove Region;Краловеградецкий Край
Prague;Прага
Czech Republic;Чехия
Zlin region;Злинский край
Estonia;Эстония
Aarhus;Орхус
Tallinn;Таллинн
Southern Ostrobothnia;Южной Остроботнии
Esbjerg;Эсбьерг
Nice;Приятно
Kainuu;Кайнуу
Lapland;Лапландия
Southern Savonia;Южное Саво
North Karelia;Северная Карелия
Northern Ostrobothnia;Северная Остроботния
Lyon;Лион
Northern Savonia;Северное Саво
Pirkanmaa;Пирканмаа
Cahors;Каор
Satakunta;Сатакунта
Helsinki;Хельсинки
Uusimaa;Уусимаа
Järvenpää;Ярвенпяа
Finland;Финляндия
Varsinais-Suomi;Варсинайс-Суоми
Turku;Турку
Cannes;Канны
Chamonix-Mont-Blanc;Шамони-Мон-Блан
Provence;Прованс
Limousin;Лимузен
Marseilles;Марсель
Normandy;Нормандия
Montpellier;Монпелье
Perigord Noir;Перигор-Нуар
Paris;Париж
Strasbourg;Страсбург
Toulouse;Тулуза
France;Франция
Georgia;Грузия
Tbilisi;Тбилиси
Bayreuth;Байройт
Attendorn;Аттендорне
Berlin;Берлин
Bremen;Бремен
Brühl;Брюль
Cologne;Кельн
Germany;Германия
Dresden;Дрезден
Düsseldorf;Дюссельдорф
Essen;Эссен
Flensburg;Фленсбург
Frankfurt;Франкфурт
Freiburg im Breisgau;Фрайбург-им-Брайсгау
Hamburg;Гамбург
Copenhagen;Копенгаген
Denmark;Дания
Hameln;Хамельн
Hannover;Ганновер
Heidelberg;Гейдельберг
Karlsruhe;Карлсруэ
Leipzig;Лейпциг
Lenggries;Ленгрисе
Magdeburg;Магдебург
Marktheidenfeld-Altfeld;Марктхайденфельд-Altfeld
Marktheidenfeld-Esselbach;Марктхайденфельд-Городе Эссельбах
Munich;Мюнхен
Nürnberg;Нюрнберг
Olpe;Ольпе
Regensburg;Регенсбург
Siegburg;Зигбурге
Siegen;Зиген
Stuttgart;Штутгарт
Wenden;Вендене
Gibraltar;Гибралтар
Kerry;Керри
Athens;Афины
Greece;Греция
Santorini;Санторини
Budapest;Будапешт
Genova;Генуя
Békéscsaba;Бекешчаба
Kilmallock;Килмаллок
Gyenesdiás;Денешдиаш
Hungary;Венгрия
Szeged;Сегед
Blue Lagoon;Голубая Лагуна
Iceland;Исландия
Reykjavik;Рейкьявик
Ireland;Ирландия
Cork;Корк
Limerick;Лимерик
Dingle;Дингл
Dublin;Дублин
Galway;Голуэй
Bologna;Болонья
Alba;Альба
Cisternino;Чистернино
Alessandria;Алессандрия
Brescia;Брешиа
Alghero;Альгеро
Amalfi Coast;Амальфитанское Побережье
Anghiari;Ангиари
Cagliari;Кальяри
Angrogna;Angrogna
Arezzo;Ареццо
Feltre;Фельтре
Arre;Арес
Canosio;Canosio
Bagni Di Lucca;Баньи-Ди-Лукка
Bard;Бард
Citta Di Castello;Читта-Ди-Кастелло
Bari;Бари
Puglia Trani;Пулья-Трани
Capri;Капри
Belforte Del Chienti;Бельфорте-Дель-Кьенти
Bergamo;Бергамо
Carrara;Каррара
Como;Комо
Casale Monferrato;Казале-Монферрато
Casaprota;Casaprota
Castel Bolognese;Кастель Болоньезе
Courmayeur;Курмайор
Catania;Катания
Florence;Флоренция
Cavallino-Treporti;Каваллино-Трепорти
Dolo;Доло
Livorno;Ливорно
Elba;Эльба
Grado;Градо
Fano;Фано
Forli;Форли
Frabosa Soprana;Фрабоза-Сопраны
Marostica;Маростика
Italian Lakes;Итальянских Озер
Mentana;Ментане
Lonate Del Garda;Лонате Дель Гарда
Lucca;Лучче
Lucignano;Лучиньяно
Mestre;Местре
Milan;Милан
Montepulciano;Монтепульчано
Naples;Неаполь
Orte, Italy;Орте, Италия
Ozzano Dellemilia;Оццано Dellemilia
Paciano;Пачиано
Padua;Падуя
Italy;Италия
Parma;Парма
Pavia;Павия
Pergine Valsugana;Перджине-Вальсугана
Perugia;Перуджа
Pescara;Пескара
Pietralunga;Городе пьетралунга
Pisa;Пиза
Portogruaro;Портогруаро
Prato;Прато
Ravenna;Равенна
Revereto;Revereto
Rimini;Римини
Rome;Рим
Sansepolcro;Сансеполькро
Santa Maria Di Licodia;Санта-Мария-Ди-Licodia
Sardegna;Сардиния
Sicily;Сицилия
Siena;Сиена
Sorrento;Сорренто
Spoleto;Сполето
Tavernelle Di Panicale;Тавернелле-Ди-Паникале
Tenna;Тенна
Trentino Alto Adige;Трентино-Альто-Адидже
Trento;Тренто
Treviso;Тревизо
Trieste;Триест
Turin;Турин
Tuscany;Тоскана
Umbertide;Умбертиде
Umbria;Умбрия
Valbremo;Valbremo
Venice;Венеция
Verona;Верона
Vicenza;Виченца
Villa San Giuseppe;Вилла-Сан-Джузеппе
Volterra;Вольтерра
Kosovo;Косово
Prishtina;Приштина
Dordrecht;Дордрехт
Jurmala;Юрмала
Latvia;Латвия
Riga;Рига
Liechtenstein;Лихтенштейн
Triesen;Тризен
Valletta;Валлетта
Kaunas;Каунас
Klaipėda;Клайпеда
Panevėžys;Паневежис
Vilnius;Вильнюс
Lithuania;Литва
Šiauliai;Шяуляй
Luxembourg;Люксембург
Victoria;Виктория
Ohrid;Охрид
Skopje;Скопье
Macedonia;Македония
Strumica;Струмице
Malta;Мальта
Marsa;Марса
Vittoriosa;Биргу
Mellieha;Меллиха
Paceville;Пачевиль
Qawra;Аура
Sliema;Слима
Moldova;Молдова
Sliema;Слима
Leiden;Лейден
St Julians;Сент-Джулианс
Chisinau;Кишинев
Monaco;Монако
Montenegro;Черногория
Budva;Будва
Eindhoven;Эйндховен
Amsterdam;Амстердам
Den Haag;Ден Хааг
Utrecht;Утрехт
Gouda;Гауда
Maastricht;Маастрихт
Groningen;Гронинген
Haarlem;Харлем
Leeuwarden;Леуварден
Nijmegen;Неймеген
Rotterdam;Роттердам
Netherlands;Нидерланды
Bielsko Biala;Бельско-Бяле
Oslo;Осло
Norway;Норвегия
Stavanger;Ставангер
Bialystok;Белосток
Bydgoszcz;Быдгощ
Koszalin;Кошалин
Krakow;Краков
Lodz;Лодзь
Olsztyn;Ольштын
Poznan;Познань
Rzeszow;Жешув
Szczecin;Щецин
Torun;Торунь
Poland;Польша
Trojmiasto;Trojmiasto
Warsaw;Варшава
Wrocław;Вроцлав
Novi Sad;Нови-Сад
Alantejo;Alantejo
Algarve;Алгарве
Cascais;Кашкайш
Leiria;Лейрия
Slovakia;Словакия
Lisbon;Лиссабон
Bratislava;Братислава
Matosinhos;Матозиньюш
Porto;Порто
Setubal;Сетубал
Sintra;Синтра
Basel;Базель
Tomar;Томар
Portugal;Португалия
Viseu;Визеу
Ljubljana;Любляна
Bucharest;Бухарест
Cluj;Клуж
Slovenia;Словения
Constanta;Констанца
Maribor;Марибор
Deva;Дева
Eforie Nord;Эфорие-Норд
Oradea;Орадя
Sibiu;Сибиу
Romania;Румыния
Timisoara;Тимишоара
La Coruna;Ла-Корунья
Moscow;Москва
Alicante;Аликанте
Rostov-na-Donu;Ростов-на-Дону
St. Petersburg;Санкт-Петербург
Russia;Россия
Yekaterinburg;Екатеринбург
San Marino;Сан-Марино
City of San Marino;Город Сан-Марино
Belgrade;Белград
Niš;Ниш
Serbia;Сербия
Härnösand;Хернесанде
Granada;Гранада
Madrid;Мадрид
Malaga;Малага
Andalucía;Андалусия
Sevilla;Севилья
Cadiz;Кадис
Mallorca;Мальорка
Cantabria;Кантабрия
Umeå;Умео
Burgos;Бургос
Castilla y León;Кастилия и Леон
Salamanca;Саламанка
Marbella;Марбелья
Extremadura;Эстремадура
Cáceres;Касерес
Girona;Жирона
Murcia;Мурсия
Lund;Лунд
Navarra;Наварра
Skellefteå;Шеллефтео
Platja d'Aro;Плайа де Аро
Valencia;Валенсия
Spain;Испания
Zaragoza;Сарагоса
Borlänge;Бурленге
Gothenburg;Гетеборг
Helsingborg;Хельсингборг
Uppsala;Уппсала
Skåne;Сконе
Lund;Лунд
Stockholm;Стокгольм
Interlaken;Интерлакен
Söderhamn;Седерхамн
Västerås;Вестерос
Bern;Берн
Baden Aargau;Баден-Ааргау
Luzern-Meggen;Люцерн-Мегген
Geneva;Женева
Lausanne;Лозанна
Zermatt;Церматт
Zurich;Цюрих
St. Moritz;Санкт-Мориц
Ticino;Тичино
Switzerland;Швейцария
Kyiv;Киев
Dnipropetrovsk;Днепропетровск
Kyiv;Киев
Ukraine;Украина
Jersey;Джерси
Guernsey;Гернси
Channel Islands;Нормандские Острова
United Kingdom;Соединенное Королевство
Northumberland;Нортумберленд
Bedfordshire;Бедфордшир
Berkshire;Беркшир
Borders;Границы
Bristol;Бристоль
Nottinghamshire;Ноттингемшир
Buckinghamshire;Бакингемшире
Cambridgeshire;Кембриджшир
Cheshire;Чешир
Oxfordshire;Оксфордшир
Cornwall;Корнуолл
Cumbria;Камбрия
Derbyshire;Дербишир
Shropshire;Шропшир
Devon;Девон
Dorset;Дорсет
Central;Центральный
Durham;Дарем
Somerset;Сомерсет
East Riding of Yorkshire;Восточный райдинг Йоркшира
East Sussex;Восточный Суссекс
Essex;Эссекс
South Yorkshire;Южный Йоркшир
Gloucestershire;Глостершир
Greater Manchester;Большой Манчестер
Hampshire;- Гэмпшир
Staffordshire;Стаффордширские
Malmö;Мальме
Herefordshire;Херефордшир
Hertfordshire;Хартфордшир
Dumfries and Galloway;Дамфрис и Галлоуэй
Isle of Wight;Остров Уайт
Suffolk;Саффолк
Kent;Кент
Lancashire;Ланкашир
Leicestershire;Лестершир
Surrey;Суррей
Lincolnshire;Линкольншир
London;Лондон
Carmarthen;Кармартен
Merseyside;Мерсисайд
Tyne and Wear;Тайн и уир
Norfolk;Норфолк
North Yorkshire;Северный Йоркшир
Fife;Файф
Northamptonshire;Нортгемптоншир
West Midlands;Уэст-Мидлендс
West Sussex;Западный Суссекс
West Yorkshire;Западный Йоркшир
Wiltshire;Уилтшир
Grampian;Грампианские
Worcestershire;Вустершир
England;Англия
York;Йорк
Isle of Man;Остров Мэн
Northern Ireland;Северная Ирландия
Belfast;Белфаст
Elgin;Элгин
Angus;Ангус
Highland;Хайленд
Betws-y-coed;Бетс-и-койде
Lothian;Лотиан
Orkney Islands;Оркнейские Острова
South Glamorgan;Южный Гламорган
Shetland Islands;Шетландские Острова
Colwyn Bay;Колвин Бэй
Strathclyde;Стратклайд
Tayside;Tayside
Scotland;Шотландия
Western Isles;Западные Острова
Clwyd;Клуид
Wrexham;Рексем
Mid Glamorgan;МИД Гламорган
Aberystwyth;Аберистуит
Cardigan;Кардиган
Dyfed;Dyfed
Gwent;Gwent
Abercarn;Abercarn
Cardiff;Кардифф
Bangor;Бангор
Gwynedd;Гвинед
Brynrefail;Brynrefail
Powys;Повис
Wales;Уэльс
West Glamorgan;Западный Гламорган
Canada;Канада
Calgary;Калгари
Banff;Банфф
Canmore;Кэнморе
Drayton Valley;Дрейтон-Вэлли
Edmonton;Эдмонтон
Fort McMurray;Форт Мак-Мюррей
Jasper;Яшма
Lethbridge;Летбридж
Red Deer;Красный Олень
Stony Plain;Каменистая Равнина
Alberta;Альберта
Armstrong;Армстронг
Chilliwack;Чиллиуок
Toronto;Торонто
Grand Forks;Гранд-Форкс
Halifax;Галифакс
Kamloops;Камлупс
Kelowna;Келоуна
Nova Scotia;Новая Шотландия
Kootenays area;Kootenays область
Wolfville;Вулфвилле
Maple Ridge;Мейпл Ридж
Nelson;Нельсон
Nunavut;Нунавут
Penticton;Пентиктоне
Port Coquitlam;Порт Кокитлам
Powell River;Пауэлл-Ривер
Prince George;Принс-Джордж
Newmarket;Ньюмаркет
Saltspring Island;Saltspring Остров
Barrie;Барри
Spences Bridge;Спенсес Мост
Squamish;Сквомиш
Sunshine Coast;Саншайн-Кост
Bruce Peninsula;Брюс Полуострова
Tofino;Тофино
Trail-Rossland;След-Россленда
Vancouver;Ванкувер
Burlington;Берлингтон
Vancouver Island;Остров Ванкувер
Victoria;Виктория
British Columbia;Британская Колумбия
Williams Lake;Уильямс-Лейк
Manitoba;Манитоба
Winnipeg;Виннипег
Niagara Falls;Ниагарский Водопад
Fredericton;Фредериктон
Chatham-Kent;Чатем-Кент
Moncton;Монктон
New Brunswick;Нью-Брансуик
Saint John;Сент-Джон
Newfoundland and Labrador;Ньюфаундленд и Лабрадор
St. John's;Сент-Джонс
Northwest Territories;Северо-Западные Территории
Collingwood;Коллингвуд
Dorset;Дорсет
North Bay;Норт-Бэй
Durham;Дарем
Guelph;Гвельф
Uxbridge;Аксбридж
Hamilton;Гамильтон
Oakville;Оквилл (oakville)
Kingston;Кингстон
Kitchener-Waterloo;Китченер-Ватерлоо
Lion's Head;Львиная голова
Oshawa;Ошава (oshawa)
London;Лондон
Markham;Маркхэм
Montéregie;Montéregie
Mississauga;Миссиссаге
Welland;Уэлленда
Muskoka;Мускока
Ottawa;Оттава
Peterborough;Питерборо
Ontario;Онтарио
Sarnia;Сарния
Windsor;Виндзор
Sault Ste. Marie;СУ-Сент. Мари
Stratford;Стратфорд
Prince Edward Island;Остров Принца Эдуарда
Sudbury;Садбери
Thunder Bay;Тандер-Бей
Laval;Лаваль
Québec City;Квебек
Mont-Tremblant;Мон-Тремблан
Yukon;Юкон
Montréal;Монреаль
Regina;Регина
Rimouski;Римуски
Saint-Roch-des-Aulnaies;Сен-Рош-ДЕЗ-Aulnaies
Quebec;Квебек
Sherbrooke;Шербрук
Saskatchewan;Саскачеван
Saskatoon;Саскатун
Whitehorse;Уайтхорс
Greenland;Гренландия
Aguascalientes;Агуаскальентес
Aguascalientes;Агуаскальентес
Mexicali;Мехикали
Ensenada;Энсенада
Tecate;Текате
Tijuana;Тихуана
Baja California;Нижняя Калифорния
La Paz;Ла-Пас
Cabo San Lucas;Кабо-Сан-Лукас
Mexico;Мексика
Baja California Sur;Баха Калифорния Сур
San José del Cabo;Сан-Хосе-дель-Кабо
Campeche;Кампече
Campeche;Кампече
Chiapa de Corzo;Чиапа-де-Корсо
Ocosingo;Окосинго
Puebla;Пуэбла
Palenque;Паленке
Ajijic;Ахихик
San Cristóbal de las Casas;Сан-Кристобаль-де-Лас-Касас
Chiapas;Чьяпас
Tuxtla Gutiérrez;Тустла-Гутьеррес
Chihuahua;Чихуахуа
Chihuahua;Чихуахуа
Ciudad Juárez;Сьюдад-Хуарес
Buceria;Buceria
Saltillo;Сальтильо
Coahuila;Коауила
Torreon;Торреон
Guadalajara;Гвадалахара
Colima;Колима
Manzanillo;Мансанильо
Colima;Колима
Tecomán;Tecomán
Jalisco;Халиско
Durango;Дуранго
Durango;Дуранго
Guanaceví;Guanaceví
Puerto Vallarta;Пуэрто-Вальярта
Guanajuato;Гуанахуато
León;Леон
Guanajuato;Гуанахуато
San Miguel de Allende;Сан-Мигель-де-Альенде
Mexico City;Мехико
Acapulco;Акапулько
Chilpancingo;Чильпансинго
Iguala;Игуала
Guerrero;Герреро
Taxco;Таско
Huejutla de Reyes;Уэхутла-де-Рейес
Hidalgo;Идальго
Pachuca;Пачука
Chalco;Чалько
Ecatepec;Экатепек-де-морелосе
Nuevo Vallarta;Нуэво-Вальярта
Satélite;Спутник
Texcooc;Texcooc
Texcoco;Тескоко
Puerto Peñasco;Пуэрто-Пеньяско
Tlalnepantla;В tlalnepantla
Mexico State;Мексика Государство
Toluca;Толука
Michoacán;Мичоакан
Morelia;Морелия
Sayulita;Саюлита
Cuautla;Куаутла
Cuernavaca;Куэрнавака
Morelos;Морелос
Tepoztlán;Тепостлане
México DF;Мехико ДФ
Nayarit;Наярит
Tepic;Тепик
San Andres Cholula;Сан-Андрес Чолула
Monterrey;Монтеррей
Nuevo León;Нуэво-Леон
San Pedro Garza García;Сан-Педро-Гарса-Гарсия
Oaxaca;Оахака
Puebla;Пуэбла
Puerto Angel;Пуэрто-Ангел
Oaxaca;Оахака
Puerto Escondido;Пуэрто-Эскондидо
Playa del Carmen;Плайя-дель-Кармен
Tehuacan;Теуакан
Querétaro;Керетаро
Santiago de Queretaro;Сантьяго-де-Керетаро
Cancun;Канкун
Culiacan;Кулиакан
Cozumel;Косумель
Quintana Roo;Кинтана-РОО
Tulum;Тулум
San Luis Potosí;Сан-Луис-Потоси
San Luis Potosi;Сан-Луис-Потоси
Sinaloa;Синалоа
Mazatlan;Масатлан
Hermosillo;Эрмосильо
Sonora;Сонора
Villahermosa;Вильяэрмоса
Cárdenas;Карденас
Tabasco;Табаско
Reynosa;Рейноса
Nuevo Laredo;Нуэво-Ларедо
Tampico;Тампико
Victoria;Виктория
Tamaulipas;Тамаулипас
Tlaxcala;Тлакскале
Tlaxcala;Тлакскале
Todos Santos;Тодос-Сантос
Coatepec;Коатепеке
Seale;Сил
Cordoba;Кордоба
Orizaba;Орисаба
Alabama;Алабама
Veracruz;Веракрус
Veracruz;Веракрус
Xalapa;Халапа
Tuscaloosa;Тускалусе
Ek' Balam;Эк' Балам
Merida;Мерида
Mohave County;Мохаве Каунти
Progreso;Прогресо
Tizimin;Погоды тисимин
Yucatán;Юкатан
Valladolid;Вальядолид
Fresnillo;Фреснильо
Zacatecas;Сакатекас
Zacatecas;Сакатекас
Bentonville;Бентонвиле
Auburn;Оберн
Anchorage;Анкоридж
Birmingham;Бирмингем
Cullman;Кулмен
Patagonia;Патагония
Decatur;Декейтер
Denali;Денали
Dothan;Дотане
Enterprise;Предприятие
Fairhope;Фэрхоуп
Eagle River;Игл-Ривер
Florence;Флоренция
Foley;Фоли
Gadsden;Гадсден
Fairbanks;Фэрбенкс
Hoover;Гувер
Huntsville;Хантсвилл
Payson;Пейсон
Mobile;Мобильный
Homer Area;Гомер Область
Montgomery;Монтгомери
Orange Beach;Орандж-Бич
Oxford;Оксфорд
Leslie;Лесли
Juneau;Джуно
Kodiak;Кодиак
Palmer;Палмер
Alaska;Аляска
Seward;Сьюард
Dora;Дора
Bisbee;Бисби
Pinal County;Округа Пинал
Cottonwood;Коттонвуд
Dolan Springs;Долан Спрингс
Flagstaff;Флагстафф
Prescott;Прескотт
Goodyear;Гудиер
Grand Canyon Area;Гранд-Каньон Области
Eureka Springs;Эврика-Спрингс
Lake Havasu City;Лейк-Хавасу-Сити
Safford;Саффорд
Sedona;Седона
Fayetteville;Фейетвилл
Sierra Vista;Сьерра-Виста
Sonoita;Sonoita
Little Rock;Литл-Рок
Tucson;Тусон
Yuma;Юма
Dublin;Дублин
Fort Smith;Форт-Смит
Harrison;Харрисон
Auburn;Оберн
Hot Springs;Горячие Источники
Jonesboro;Джонсборо
Pine Bluff;Пайн-Блафф
Colfax;Колфакс
Texarkana;Тексаркана
Arkansas;Арканзас
West Memphis;Уэст-Мемфис
Central Valley;Центральная Долина
Del Norte County;Дель Норте Округа
Chico;Чико
Davis;Дэвис
Fresno;Фресно
Glendora;Глендоре
Humboldt County;Гумбольдт
Imperial Valley;Империал-Вэлли
Joshua Tree;Дерево Джошуа
La Puente;Ла-Пуэнте
Lake County;Лейк-Каунти
Lancaster;Ланкастер
Los Angeles;Лос-Анджелес
Marin County;Марин
Mariposa;Марипоса
Mendocino County;Округа Мендосино
Monterey County;Монтерей Каунти
Napa Valley;Долина Напа
Nevada City;Невада-Сити
North Lake Tahoe;Норт-Лейк-Тахо
Olympic Valley;Олимпик-Вэлли
Orange County;Оранж Каунти
Palm Springs;Палм-Спрингс
Peninsula and South Bay;Полуостров и залив Саус-Бэй
Placerville;Плейсервилл
Redding;Реддинг
Riverside County;Риверсайд Каунти
Roseville;Розвилл
Sacramento;Сакраменто
San Bernardino;Сан-Бернардино
San Diego County;Сан-Диего
San Fernando Valley;Сан-Фернандо-Вэлли
San Francisco;Сан-Франциско
San Luis Obispo;Сан-Луис-Обиспо
Santa Barbara;Санта-Барбара
Santa Clarita;Санта-Кларите
Santa Cruz;Санта-Круз
Sierra Foothills;Сьерра Предгорий
Siskiyou County;Округа Сискию
Solano County;Солано Каунти
Sonoma County;Сонома Каунти
Sonora;Сонора
South Lake Tahoe;Саут-Лейк-Тахо
Stanislaus County;Станислава Округа
Stockton;Стоктон
Summerville;Саммервилль
Tracy;Трейси
Union City;Юнион-Сити
Vacaville;Вакавилле
Ventura County;Вентура Каунти
Yosemite;Йосемити
Steamboat Springs;Стимбоат-Спрингс
Aspen;Аспен
Colorado Springs;Колорадо-Спрингс
Boulder;Валун
Breckenridge;Брекенридж
Brighton;Брайтон
New Haven Area;Нью-Хейвен Область
Carbondale;Карбондейле
Copper Mountain;Медной Горы
Telluride;Теллурид
Denver;Денвер
Durango;Дуранго
Guilford;Гилфорд
Englewood;Энглвуд
Vail;Вейл
Estes Park;Эстес Парк
Fort Collins;Форт Коллинз
USA;США
Arizona;Аризона
Colorado;Колорадо
Glenwood Springs, CO;Гленвуд-Спрингс, Co
Windsor;Виндзор
Grand Junction;Гранд Джанкшн
Greeley;Грили
Lakewood;Лейквуд
Longmont;Лонгмонте
Pike's Peak Region;Пайк пик Регион
Bridgeport Area;Бриджпорт Область
Red Feather Lakes;Красное Перо Озер
San Luis Valley;Сан-Луис-Вэлли
Hartford Area;Хартфорд Область
Cos Cob;Потому Что Удара
Danbury;Дэнбери
Tolland-Windham Counties;Городе Толлэнд-Уиндеме Округов
Darien;Дариен
Litchfield County;Литчфилд Каунти
New London;Нью-Лондон
Greenwich;Гринвич
Middletown Area;Миддлтон Область
Old Saybrook;Олд Сэйбрук
Mystic;Мистик
New Milford;Нью-Милфорд
New Britain;Новая Британия
Storrs-Mansfield;Сторрс-Мансфилд
Norwalk;Норуолке
Norwich;Норвич
Southington;Саутингтон
Stamford;Стэмфорд
Trumbull;Трамбулл
Waterbury;Уотербери
Watertown;Уотертаун
Willimantic;Willimantic
Winsted;Winsted
Connecticut;Коннектикут
Newark;Ньюарк
Hockessin;Хокессине
Rehoboth Beach;Рехобот-Бич
Wilmington;Уилмингтон
Delaware;Делавэр
District of Columbia;Округ Колумбия
Naples;Неаполь
Altamonte Springs;Алтамонте-Спрингс
Big Pine Key;Биг-Пайн-Ки
Clayton County;Клейтон Каунти
Boca Raton;Бока-Ратон
Ocala;Окала
Bunnell;Баннелл
Cocoa Beach;Какао-Бич
Animal Kingdom Lodge;Энимал Кингдом Лодж
Coral Springs;Корал-Спрингс
Orlando;Орландо
Crescent City;Кресент-Сити
Crestview;Крествью
Daytona Beach;Дейтона-Бич
Ozona;Озона
De Leon Springs;Де Леон Спрингс
Delray Beach;Делрей-Бич
Alpharetta;Альфаретте
Englewood;Энглвуд
Palm Coast;Палм-Кост
Eustis;Юстисе
Fort Lauderdale;Форт-Лодердейл
BoardWalk Resort;Променад Курорта
Fort Myers-Cape Coral;Форт Майерс-Кейп-Корал
Palm Harbor;Палм-Харбор
Fort Walton Beach;Форт-Уолтон-Бич
Gainesville;Гейнсвилл
Hallandale Beach;Халландейл-Бич
Panama City;Панама-Сити
Hialeah;Хайлиа
Islamorada;Исламорада
Jacksonville;Джэксонвилл
Pensacola;Пенсакола
Key West;Ки-Уэст
Keystone Heights;Трапеция Высот
Downtown Disney Area;Города Disney
Lake Mary;Лейк Мэри
Port Charlotte;Порт Шарлотт
Lakeland;Лейкленд
Leigh Acres;Лью Соток
Marathon;Марафон
Port St Lucie;Порт Сент-Луси
Melbourne;Мельбурн
Miami;Майами
Mount Dora;Маунт Дора
Epcot;Эпкот
Punta Gorda;Пунта-Горда
Rockledge;Рокледже
Athens;Афины
Saint Augustine;Святой Августин
Grand Floridian Resort & Spa;Гранд Флоридиан Резорт & Спа
Saint Petersburg;Санкт-Петербург
Sarasota;Сарасота
Tallahassee;Таллахасси
Hollywood Studios;Голливудские Студии
Tampa Bay;Тампа-Бэй
Venice;Венеция
Gordon County;Гордон Округа
Vero Beach;Веро Бич
Atlanta;Атланта
Animal Kingdom;Царство Животных
Magic Kingdom;Волшебное Королевство
Columbus;Колумб
Polynesian Resort;Полинезийский Курорт
Augusta;Огаста
Port Orleans Resort Riverside;Порт Орлеан Риверсайд Резорт
Walt Disney World;"Мир Уолта Диснея"
Saratoga Springs Resort & Spa;Саратога Спрингс Резорт Энд Спа
Florida;Флорида
West Palm Beach;Уэст-Палм-Бич
Brunswick;Брансуик
Duluth;Дулут
Carrollton;Карролтоне
Conyers;Конайерс
Claresville;Claresville
Clayton;Клейтон
Cumming;Камминг
East Point;Ист-Пойнт
Dahlonega;Далонега
Lilburn;Лилберне
Dillard;Диллард
Ellijay;Ellijay
Towns County;Городки Графства
Hiawassee;Hiawassee
Lyons;Лайонс
Johns Creek;Джонс Крик
Kennesaw;Кеннесо
Macon;Макон
Marietta;Мариетта
Moultrie;Молтри
Pine Mountain;Сосна Горная
Norcross;Норкросс
Johns Creek;Джонс Крик
East Point;Ист-Пойнт
Roswell;Розуэлл
Georgia;Грузия
Sandy Springs;Сэнди Спрингс
Savannah;Саванна
Smyrna;Смирна
Snellville;Snellville
Statesboro;Стейтсборо
Valdosta;Валдоста
Woodstock;Вудсток
McHenry;Макгенри
Big Island;Биг Айленд
Chicago;Чикаго
Kaua'i;Кауаи
Maui;Мауи
Hawaii;Гавайи
O'ahu;Оаху
Boise;Бойсе
Collinsville;Коллинсвилле
Bonners Ferry;В Bonners Ферри
Couer d'Alene;Couer д'Ален
Illinois;Иллинойс
Idaho Falls;Айдахо Фоллз
Danville;Данвилл
Ketchum;Кетчум
Lava Hot Springs;Лава Хот Спрингс
Moline;Молин
Lewiston;Льюистон
DeKalb;Декалб
Moscow;Москва
Nampa;Г. нампа (nampa)
Pocatello;Покателло
Idaho;Айдахо
Twin Falls;Туин-Фолс
Decatur;Декейтер
Antioch;Антиохии
Bellwood;Белвуд
River Forest;Река Лес
Berwyn;Бервин
East St. Louis;Ист-Сент-Луис
Bloomington-Normal;Блумингтон-Нормальный
Bourbonnais;Бурбоннэ
Morris;Моррис
Bradley;Брэдли
Edwardsville;Эдвардсвилле
Carbondale;Карбондейле
Carterville;Carterville
Champaign-Urbana;Шампейн-Урбана
Charleston;Чарльстон
Elmwood Park;Элмвуд Парк
Mount Carmel;Гора Кармель
Evanston;Эванстон
Galena;Галенит
Woodstock;Вудсток
Galesburg;Гейлсберг
Mount Carroll;Маунт Кэрролл
Glen Carbon;Глен Карбоне
Grafton;Графтон
Rockford;Рокфорд
Hillside;Склоне холма
Mount Vernon;Маунт-Вернон
Justice;Справедливости
Kane County;Кейн Каунти
LaSalle;Лассаль
Norridge;Норидж
Marion;Марион
Maryville;Мэривилл
Roscoe;Роско
Northern Chicagoland;Северный Чикаго
Northwestern Chicagoland;Северо-Западный Чикаго
Oak Park;Дубовый Парк
Southern Chicagoland;Южный Чикаго
Park Ridge;Парк-Ридж
Peoria;Пеория
Quincy;Куинси
Bedford;Бедфорд
Southwestern Chicagoland;На Юго-Западе Чикаго
Alexandria;Александрия
Springfield;Спрингфилд
Vandalia;Вандалии
Western Chicagoland;Западная Чикаго
Bluffton;Блаффтоне
Anderson;Андерсон
Berne;Берн
Avon;Эйвон
Chesterton;Честертон
Bloomington;Блумингтон
Carmel;Кармель
Crown Point;Краун Пойнт
Evansville;Эвансвилл
Columbus;Колумб
Connersville;Connersville
Fishers;Рыбаков
Fort Wayne;Форт Уэйн
Goshen;Гошен
Granger;Грейнджер
Greensburg;Гринсберге
Hammond;Хэммонд
Indianapolis;Индианаполис
Jasper;Яшма
Indiana;Индиана
Knox;Нокс
Kokomo;Кокомо
Lafayette;Лафайет
Marion;Марион
Merrillville ;Мерривилль 
Muncie;Манси
New Albany;Нью-Олбани
New Castle;Новый Замок
Newburgh;Ньюберг
Noblesville;Зависимости от наличия.
North Manchester;Север Манчестер
Northwest Indiana - Chicagoland;Северо-Запад Штата Индиана - Чикаго
Portage;Портедж
Richmond;Ричмонд
South Bend;Саут-Бенд
St. John;Св. Иоанн
Terre Haute;Терре-Хот
Union City;Юнион-Сити
Valparaiso;Вальпараисо
Kentucky;Кентукки
Ames;Эймс
Spillville;Spillville
Ankeny;Энкни
Cedar Falls;Сидар-Фолс
Paducah;Падьюка
Cedar Rapids;Сидар-Рапидс
Spirit Lake;Дух Озера
Council Bluffs;Каунсил-Блафс
Dakota City;Дакота-Сити
Decorah;Декоре
Washington;Вашингтон
Des Moines;Де-Мойн
Dubuque;Дубук
Iowa;Айова
Fairfield;Отель Fairfield
Waterloo;Ватерлоо
Iowa City;Айова-Сити
Kalona;Калуне
Le Mars;Ле Марс
Mason City;Мейсон-Сити
Mount Vernon;Маунт-Вернон
Garden City;Гарден-Сити
Muscatine;Muscatine в
Quad Cities;Квад Городах
Sioux City;СУ-Сити
Louisiana;Луизиана
Hutchinson;Хатчинсон
Alexandria;Александрия
Lawrence;Лоуренс
Manhattan;Манхэттен
St Tammany Parish;Сент-Таммани Приход
Overland Park;Оверленд-Парк
Baton Rouge;Батон-Руж
Salina;Салина
Topeka;Топики
Kansas;Канзас
Wichita;Уичито
Bowling Green;Боулинг-Грин
Bossier City;Босье-Сити
Florence;Флоренция
Hopkinsville;Хопкинсвилле
Lexington;Лексингтон
Louisville;Луисвилл
Denham Springs;Денхем-Спрингс
Newcastle-Damariscotta;Ньюкасл-Damariscotta
Gonzales;Гонсалес
Bangor;Бангор
Lafayette;Лафайет
Mandeville;Мандевилль
Ellsworth;Эллсворт
New Iberia;Нью Иберия
Bar Harbor;Бар Харбор
New Orleans;Новый Орлеан
Shreveport;Шривпорт
Belfast;Белфаст
Hermon;Хермон
Bethel;Бетел
Brunswick;Брансуик
Portland;Портленд
Camden;Камден
Norway;Норвегия
Kennebunkport;Кеннебанкпорте
Lewiston;Льюистон
Maine;Мэн
Ogunquit;Оганквите
Baltimore;Балтимор
Rockland;Рокланд
Annapolis;Аннаполис
Bel Air;Бель Эйр
Bowie;Боуи
Brunswick;Брансуик
Burtonsville;Бертонсвилле
Clarksville;Кларксвилл
Cockeysville;Кокисвилле
College Park;Колледж Парк
Columbia;Колумбия
Cumberland;Камберленд
Maryland;Мэриленд
Ellicott City;Элликотт Сити
Frederick;Фредерик
Friendsville;Городе френдсвилл
Gaithersburg;Гейтерсберге
Germantown;Джермантаун
Glen Burnie;Глен Берни
Greenbelt;Гринбелт
Hagerstown;Хагерстаун
Joppa, MD;Иоппии, д. м. н.
Langley Park;Лэнгли-Парк
Oakland/Deep Creek Lake;Окленд/Глубокий Ручей Озеро
Ocean City;Оушен-Сити
Odenton;Одентоне
Olney;Олни
Owings Mills;Оуингс Милс
Parkville;Парквилль
Rockville;Роквилл
Salisbury;Солсбери
Silver Spring;Силвер Спринг
St. Michaels;Св. Майклс
Westwood;Вествуд
Amesbury-Newburyport;Эймсбери-Ньюберипорт
Medfield;Медфилдскому
Andover;Эндовер
Beverly;Беверли
Boston;Бостон
Middleton;Миддлтон
Bridgewater;Бриджуотер
Bristol;Бристоль
Massachusetts;Массачусетс
Cape Cod;Кейп-Код
Nantucket;Нантакет
Great Barrington;Грейт Баррингтон
Greenfield;Гринфилд
Worcester;Вустер
Hingham;Хайем
Natick;Натик
Hyannis;Хианнис
Lee;Ли
Lenox;Ленокс
New Bedford;Нью-Бедфорд
Longmeadow;Доме для отпуска longmeadow
Lowell;Лоуэлл
Mansfield;Мэнсфилд
Martha's Vineyard;Мартас-Винъярд
North Adams;Север Адамс
Ludington;Лудингтон
Northhampton;Northhampton
Ann Arbor;АНН-Арбор
Plymouth;Плимут
Salem;Салем
Glen Arbor;Глен-Арбор
Saugus;Согасе
Battle Creek;Батл-Крик
Springfield;Спрингфилд
Stoughton;Стоутоне
The Berkshires;Беркшир
Benton Harbor - St. Joseph;Бентон-Харбор - Сент-Джозеф
Townsend;Таунсенд
Waltham;Уолтем
Wareham;Вэрхэм
Berrien Springs;Berrien Springs В
Webster;Вебстер
Grand Rapids;Гранд-Рапидс
Cadillac;Кадиллак
Saugatuck/Douglas;В Согатак/Дуглас
Calumet;Калумете
Holland;Голландия
Detroit;Детройт
Fennville;Fennville
Mackinaw City;Макино-Сити
Flint;Флинт
Frankfort;Г. франкфорт (frankfort)
Iron Mountain;Железная Гора
Muskegon;Маскегон
Kalamazoo;Каламазу
Marquette;Маркетт
Lansing;Лансинг
Leland;Лиланд
Petoskey-Bay Harbor;Петоски-Бэй-Харбор
Midland;Мидленд
Mt. Pleasant;МТ. Приятный
New Buffalo;Нью Буффало
Saginaw-Bay City;Сагино-Бей-Сити
Niles;Найлз
Port Huron;Порт-Гурон
Traverse City;Траверс-Сити
Union Pier;Союз Пирс
Ypsilanti;Ипсиланти
Michigan;Мичиган
Albert Lea;Альберт-Ли
Afton;Афтон
Alexandria;Александрия
Appleton;Эпплтон
Bemidji;Бемиджи
Blue Earth;Голубая Земля
Brainerd;Брейнерд
Minnesota;Миннесота
Buffalo;Буффало
Cloquet;Клоке
Detroit Lakes;Детройт-Лейкс
Duluth;Дулут
Fergus Falls;Фергус-Фолс
Grand Marais;Гранд Марэ
Granite Falls;Гранит-Фолс
Hutchinson;Хатчинсон
Iron Range;Железный Ряд
Little Falls;Литтл-Фоллс
Mankato;Манкато
Marshall;Маршалл
Montevideo;Монтевидео
Moorhead;Мурхед
Morris;Моррис
Northfield;Нортфилд
Pelican Rapids;Пеликан-Рапидс
Pequot Lakes;Пеквот-Лейкс
Perham;Perham
Pipestone;Пайпстон
Red Wing;Красный Крыло
Rochester;Рочестер
Rushford;Rushford
Saint Cloud;Сен-Клу
Sartell;Sartell
Stillwater;Стиллуотер
Twin Cities;Городами-Побратимами
Wadena;Wadena
Willmar;Уилмар
Winona;Вайнона
Lincoln;Линкольн
Hattiesburg;Хаттисберг
Fulton;Фултон
Jackson;Джексон
Long Beach;Лонг-Бич
Gardiner;Гардинер
Ocean Springs;Оушен-Спрингс
Fulton;Фултон
Oxford;Оксфорд
Petal;Лепесток
Mississippi;Миссисипи
Tupelo;Тупело
Branson;Брэнсон
Hannibal;Ганнибал
Cape Girardeau;Кейп-Жирардо
Columbia;Колумбия
Great Falls;Грейт-Фолс
Independence;Независимость
Jefferson City;Джефферсон-Сити
Londonderry;Лондондерри
Joplin;Джоплин
Helena;Елена
Kansas City;Канзас-Сити
Lake of the Ozarks;Озеро Озаркс
Omaha;Омаха
Richland;Ричланд
Kalispell;Калиспелл
Saint Louis;Сент-Луис
Springfield;Спрингфилд
Warrensburg;Уорренсбурге
Missouri;Миссури
West Plains;Вест-Плейнс
Libby;Либби
Billings;Биллингс
Bozeman;Бозман
Nebraska;Небраска
Columbia Falls;Колумбия Фолс
Scottsbluff;Городе скоттсблафф
Livingston;Ливингстон
Missoula;Миссула
St. Mary;Церковь Св. Марии
Montana;Монтана
Whitefish;Сига
Kearney;Карни
Bethlehem;Вифлеем
Carson City;Карсон-Сити
Durham;Дарем
Las Vegas;Лас-Вегас
Nevada;Невада
Reno;Рено
Concord;Конкорд
Derry;Дерри
Hanover;Ганновер
Dover;Дувр
Gorham;Горэм
Kingston;Кингстон
Hampton;Хэмптон
Lebanon;Ливан
Keene;Кина
Lakes Region;Озер
Lyme;Лайма
Manchester;Манчестер
Marlborough;Мальборо
Nashua;Нашуа
Newmarket;Ньюмаркет
North Conway;Норт-Конуэем
Northwood;Нортвуд
Portsmouth;Портсмут
New Hampshire;Нью-Гэмпшир
Rochester;Рочестер
Salem;Салем
Sanbornton;Города sanbornton
Waterville Valley;Уотервилл Валли
West Lebanon;Западный Ливан
Wolfeboro;Вулфборо
Ledgewood;Ledgewood
Asbury Park;Эсбери-Парк
Frenchtown;Френчтаун
Atlantic City;Атлантик-Сити
Belmar;Отель belmar
Blackwood;Блэквуд
Glassboro;Глассборо
Bound Brook;Баунд Бруке
Brick;Кирпич
Montclair;Монклер
Bridgewater;Бриджуотер
Glen Brook;Глен Брук
Califon ;Califon 
Cape May;Кейп-Мей
Lindenwold ;Lindenwold 
Cherry Hill Area;Черри Хилл
Glen Ridge;Глен-Ридж
Chester;Честер
Clifton;Клифтон
Denville;Denville
Glen Rock;Глен Рок
Deptford;Дептфорд
East Brunswick;Восток-Брансуик
East Windsor;Ист-Виндзор
Hackensack Area;Хакенсак Область
Eatontown;Итонтаун
Edgewater;Эджуотер
Livingston;Ливингстон
Edison;Эдисон
Hackettstown;Hackettstown
Egg Harbor;Эгг-Харбор
Englewood;Энглвуд
Ewing;Юинг
Haddonfield;Западная Колумбия
Fair Lawn;Фэр Лоне
Flemington;Мельбурн
New Brunswick;Нью-Брансуик
Florham Park;Флорхем Парк
Hamilton;Гамильтон
Franklin Park;Франклин Парк
Long Beach;Лонг-Бич
Freehold;Фрихолд
Hammonton;Хаммонтон
Montvale;Montvale
Highland Park;Хайленд Парк
Long Branch;Лонг Бранч
Hillsborough;Хиллсборо
Hoboken;Хобокен
Howell;Хауэлл
Manahawkin;Городе манахавкин
Iselin;Иселин
Jersey City;Джерси-Сити
Keyport;Keyport
Manalapan;Маналапан
Lambertville;Стран lambertville
Lawrenceville;Лоренсвилл
Moorestown;Мурстаун
Maple Shade;Мейпл-Шейд
Paramus;Парамус
Matawan;Нью гайд парк
Morris Plains;Моррис Плейнс
Medford;Медфорд
Metuchen;Метачене
Newark;Ньюарк
Milford;Милфорд
Morristown;Морристаун
Millburn;Миллберн
Nutley;Натли
Mount Holly;Маунт Холли
Newton;Ньютон
Mount Laurel;Маунт-Лорел
Mullica Hill;Холма Mullica
North Arlington;Север Арлингтон
Ocean City;Оушен-Сити
North Brunswick;Норт-Брансуик
Pennsauken;Пенсокене
Northfield;Нортфилд
Parsippany Area;Парсипани Область
Orange;Оранжевый
Point Pleasant;Пойнт-Плезант
Pompton Lakes;Озер Pompton
Piscataway;Городе пискатауэй
Plainsboro;Плейнсборо
Pompton Plains;Pompton Равнины
Princeton;Принстон
Rahway;Рауэй
Ramsey Area;Рэмси Область
Red Bank;Ред-Банк
Ridgewood;Риджвуд
River Edge;Реки Края
Runnemede;Раннемиде
Saddlebrook;Saddlebrook
Skillman;Skillman
Somerset;Сомерсет
Somerville;Сомервилл
South Orange;Южная Оранжевый
South Plainfield;Юг Плейнфилд
Sparta;Спарта
Stone Harbor;Стоун Харбор
Tenafly;Тенафли
Toms River;Томс-Ривер
Trenton;Трентон
Union;Союз
Vineland;Вайнленд
West Caldwell;Запад Колдуэлл
West Milford;Запад Милфорд
West Windsor;Запад Виндзор
Westfield;Вестфилд
Westwood;Вествуд
Wildwood;Уайлдвуд
Woodbridge;Вудбридж
Monroe;Монро
Alamogordo;Аламогордо
Cooperstown;Куперстаун
Albuquerque;Альбукерке
Catron;Кейтрон
Las Cruces;Лас-Крусес
Elmira;Эльмира
Roswell;Розуэлл
Ruidoso;Руидозо
Fayetteville;Фейетвилл
Santa Fe;Санта Фе
Forestburgh;Forestburgh
Silver City;"Серебряный Город"
New Mexico;Нью-Мексико
Taos;Таос
Adams Center;Адамс Центр
Albany;Олбани
Goshen;Гошен
Alfred/Hornell;Альфред/Городе Хорнелл
Armonk;Армонке
Ballston Spa;Боллстон Спа
Binghamton;Бингемтон
Bloomville;Bloomville
Putnam County;Патнэм Округа
Buffalo & Western NY;Буффало и Западного Нью-Йорк
Bronx;Бронкс
Hogansburg, NY;Хогансберг, Нью-Йорк
Hudson Falls;Хадсон-Фоллс
Hudson Valley;Хадсон-Вэлли
Brooklyn;Бруклин
Hudson/Catskill;Хадсон/Катскилл
Ithaca & Finger Lakes;Итака & Фингер-Лейкс
Utica;Ютика
Jamestown;Джеймстаун
Manhattan;Манхэттен
Kingston/Rhinebeck/Dutchess County;Кингстон/Rhinebeck/Дачесс
Lake Placid;Лейк-Плэсид
Rochester;Рочестер
Long Island;Лонг-Айленд
Queens;Королев
Mamaroneck;Мамароньке
Massapequa;Массапекуа
New York City;Нью-Йорк
Middletown;Миддлтон
Staten Island;Стейтен-Айленд
Oneonta;Онеонта
Rockland County;Рокленд
Pine Bush;Пайн-Буш
Plattsburgh;Платтсбург
Arden;Арден
Potsdam;Потсдам
Watertown;Уотертаун
Poughkeepsie;Покипси
Saratoga Springs;Саратога-Спрингс
Suffolk County;Саффолк
Syracuse;Сиракузы
Boone;Бун
Ulster County;Ольстер Каунти
West Post/Cold Spring/Garrison;Вест Пост/Холодная Весна/Гарнизон
Westchester County;Вестчестер Каунти
Asheville;Эшвилл
Charlotte;Шарлотт
Black Mountain;Черная Гора
Crystal Coast;Кристалл Побережье
Boonville;Бунвилль
Concord;Конкорд
Fort Bragg;Форт-Брэгг
Greensboro;Гринсборо
Greenville;Гринвилл
Hendersonville;Хендерсонвилль
Hilafax;Hilafax
Jacksonville;Джэксонвилл
Kannapolis;Каннаполисе
North Carolina;Северная Каролина
Kill Devil Hills;Килл-Девил-Хиллз
Kitty Hawk;"Китти Хок"
Hamilton;Гамильтон
New York;Нью-Йорк
Lincolnton;Городе линкольнтон
Matthews;Мэтьюз
Monroe;Монро
Morganton;Моргантоне
Morrisville;Моррисвилле
Nags Head;Суонсборо
New Bern;Нью Берна
Rocky Mount;Роки-Маунт
Salisbury;Солсбери
Smithfield;Смитфилд
Statesville;Стейтсвилл
Sylva;Сылва
Triangle Area;Площадь Треугольника
Weaverville;Уивервилл
Wilmington;Уилмингтон
Winston-Salem;Уинстон-Сейлем
Canton;Кантон
Bismarck;Бисмарк
Dickinson;Дикинсон
Medina;Медина
Fargo;Фарго
Chagrin Falls;Огорчению Падает
Grand Forks;Гранд-Форкс
Mandan;Мандан
Minot;Майнот
North Dakota;Северная Дакота
Williston;Виллистон
Cincinnati;Цинциннати
Akron;Акрон
Arlington;Арлингтон
Ardmore;Ардмор
Athens;Афины
Cleveland;Кливленд
Bainbridge Township;Бэйнбридж Тауншип
Bay Village;Бэй-Виллидж
Mentor;Наставник
Beavercreek;Биверкрик
Columbus;Колумб
Bellefontaine;Бельфонтен
Berlin;Берлин
Bluffton;Блаффтоне
Cuyahoga Falls;Кайахога-Фолс
Bowling Green;Боулинг-Грин
Canal Fulton;Канал-Фултон
Solon;Солон
Middleburg Heights;Мидлберг-Хайтсе
Dayton;Дейтон
Findlay;Финдли
Fremont;Фримонт
Minford;Minford
Geneva;Женева
Independence;Независимость
West Union;Западное Соединение
Kent;Кент
North Ridgeville;Север Риджвилл
Lancaster;Ланкастер
Mansfield;Мэнсфилд
Springfield;Спрингфилд
Marietta;Мариетта
Oberlin;Оберлин
Marysville;Мэрисвилль
Mason;Мейсон
Mayfield Village;Мэйфилд-Виллидж
Oxford;Оксфорд
Stow;Стоу
Parma Heights;Парма Хайтсе
Perrysburg;Америки
Youngstown;Янгстаун
Portsmouth;Портсмут
Sylvania;Сильвании
Richmond Heights;Ричмонд-Хайтс
Willoughby;Уиллоуби
Sandusky;Сандаски
Tiffin;Тиффин
Toledo;Толедо
Wooster;Вустер
Urbana;Урбана
Ohio;Огайо
Wadsworth;Уодсворт
Zanesville;Занесвилл
Xenia;Ксения
Yellow Springs;Желтый Спрингс
Lawton;Лоутон
Chickasha;Чикаша
Stillwater;Стиллуотер
Tulsa;Тулса
Norman;Норман
Oklahoma City;Оклахома-Сити
Oklahoma;Оклахома
Bend;Согнуть
;
Boardman;Бордман
Cave Junction;Пещера Джанкшн
Corvallis;Корваллис
Eugene;Евгений
Forest Grove;Форест Гроув
Grants Pass;Грантс-Пассе
Hood River;Худ Ривер
Klamath County;Округа Кламат
LaGrande;LaGrande
Lincoln;Линкольн
Manzanita;Manzanita
McMinnville;Макминнвилл
Medford-Ashland;Медфорд-Эшленд
Newport;Ньюпорт
North Bend;Норт-Бенд
Oregon Coast;Орегонского Побережья
Portland;Портленд
Roseburg;Роузбург
Salem;Салем
Kennett Square;Кеннетт Сквер
Allentown;Аллентаун
Eagleville;Eagleville
Altoona;Алтуна
Ambler;Амблер
Annville;Annville
Easton;Истон
Ardmore;Ардмор
Bala Cynwyd;Бала Cynwyd
Montgomery;Монтгомери
Beaver;Бобер
Elizabethtown;Элизабеттаун
Bedford;Бедфорд
Bensalem;Бенсалем
Kimberton;Kimberton
Berwyn;Бервин
Erie;Эри
Bethlehem;Вифлеем
Bloomsburg;Блумсберг
Bryn Mawr;Брин Маур
Exton;Экстон
Chadds Ford;Городе Чаддс-Форд
Chambersburg;Чемберсберге
Collegeville;Колледжвилле
Feasterville;Фистервиле
Cranberry;Клюква
Danville;Данвилл
King of Prussia;Кинг-оф-Пруссия
Douglassville;Douglassville
Fleetwood;Флитвуд
Downingtown;Графство Честер
Doylestown;Дойлстауне
Newfoundland;Ньюфаундленд
Fort Washington;Форт Вашингтон
Lafayette Hill;Лафейетт-Хилл
Gettysburg;Геттисберг
Glen Mills;Глен Миллс
Moon Township;Мун-Тауншип
Greensburg;Гринсберге
Lancaster;Ланкастер
Hamburg;Гамбург
Hanover;Ганновер
Harrisburg;Гаррисберг
Langhorne;Лэнгхорн
Hawley;Хоули
Huntingdon Valley;Хантингдон Валли
Jamison;Джеймисон
Lansdale;Лансдейл
Jenkintown;Jenkintown
Morgantown;Моргантаун
Lewisburg;Льюисбург
Pottstown;Потстаун
Lititz;В литиц
Morrisville;Моррисвилле
Luzerne;Люцерн
Malvern;Малверн
Newtown Square;Ньютаун-Сквер
Media;СМИ
New Castle;Новый Замок
Parsippany Area;Парсипани Область
New Holland;Новая Голландия
Norristown;Норристаун
New Hope;Новая Надежда
New Oxford;Новый Оксфорд
Pittsburgh;Питтсбург
North Wales;Северный Уэльс
Philadelphia Metro;Филадельфия Метро
Oil City;Нефтяной Город
Ottsville;Ottsville
Poconos;Поконос
Phoenixville;Финиксвилле
Plymouth Meeting;Плимут-Митинг
Quakertown;Квакертаун
Reading;Чтение
Ridley Park;Ридли Парк
Saxonburg;Saxonburg
Scranton;Скрантон
Shohola;Shohola
Souderton;Souderton
Southampton;Саутгемптон
Spring Grove;Весной Роща
Spruce Hill;Спрус-Хилл
St Marys;Сент-Мэрис
Stahlstown;Stahlstown
Kingsport;Кингспорт
State College;Государственный Колледж
Lamar;Ламар
Upper Darby;Верхний Дарби
Warrington;Уоррингтон
Washington;Вашингтон
Lancaster;Ланкастер
Wayne;Уэйн
West Chester;Запад Честер
Rio Grande Valley;Рио-Гранде
West Mifflin;Запад Миффлин
Myrtle Beach;Миртл-Бич
Wilkes-Barre;Уилкс-Барре
Williamsport;Уильямспорт
Knoxville;Ноксвилл
Willow Grove;Уиллоу-Гров
Rock Hill;Рок Хилл
Yardley;Ярдли
Pennsylvania;Пенсильвания
York;Йорк
Cranston;Крэнстон
South Carolina;Южная Каролина
Middletown;Миддлтон
Spartanburg;Спартанбург
Newport;Ньюпорт
South Kingstown;Южный Кингстаун
Tiverton;Тивертоне
Wakefield;Уэйкфилд
Westerly;Западные
Brookings;Брукингс
Aiken;Айкен
Bluffton;Блаффтоне
Eagle Pass;Игл-Пасс
Charleston;Чарльстон
Hill City;Хилл Сити
Clemson;Клемсон
Columbia;Колумбия
Memphis;Мемфис
Fort Mill;Форт Милл
Rapid City;Рапид-Сити
Georgetown;Джорджтаун
Greenville;Гринвилл
Hilton Head Island;Хилтон-Хед-Айленд
Sioux Falls;СУ-Фолс
Murfreesboro;Мерфрисборо
Vermillion;Аленький
South Dakota;Южная Дакота
Walworth County;Выставочный Центр Фермерских Хозяйств Walworth Округа
Chattanooga;Чаттануга
Lumberton;Ламбертоне
Clarksville;Кларксвилл
Nashville;Нэшвилл
Copperhill;В copperhill
Franklin;Франклин
Tennessee;Теннесси
Gatlinburg;Гатлинбург
Pulaski;Пуласки
Jellico;Желе
Johnson City;Джонсон-Сити
El Paso;Эль Пасо
Abilene;Абилин
Amarillo;Амарилло
Fort Davis;Форт Дэвис
Austin;Остин
Beaumont;Бомонт
College Station;Колледж Стейшн
Galveston;Галвестон
Corpus Christi;Корпус-Кристи
Midland;Мидленд
Dallas - Fort Worth;Даллас - Форт Уорт
Grand Prairie;Гранд-Прери
Houston;Хьюстон
Northeast Texas;Северо-Восток Техаса
Kingsville;Кингсвилл
San Antonio;Сан-Антонио
Lubbock;Лаббок
Palestine;Палестина
The Woodlands;Вудлендс
Pearland;Пирленд
San Marcos;Сан-Маркос
Temple-Belton-Harker Heights-Killeen;Храм-Белтон-Харкер-Хайтс-Киллин
Texas;Техас
Tyler;Тайлер
Bountiful;Обильные
Bluff;Блеф
Cache Valley;Кэш-Вэлли
Cedar City;Сидар Сити
Davis County;Дэвис Каунти
Kanab;Канаб
Layton;Лейтон
Moab;Моаби
Ogden;Огден
Orem;Орем
Park City;Парк-Сити
Utah;Юта
Provo;Прово
Saint George;Сент-Джордж
Salt Lake City;Солт-Лейк-Сити
Lexington;Лексингтон
Bradford;Брэдфорд
Brattleboro;Брэттлборо
Yorktown;Йорктауне
Burlington;Берлингтон
Lorton;Lorton
Hancock;Хэнкок
Hardwick;Хардвик
Manchester;Манчестер
Lynchburg;Линчбург
Middlebury;Миддлбери
Montpelier;Монтпилиер
Poultney;Порт, боюсь
Manassas;Манассас
Quechee;Квичи
Rochester;Рочестер
Waitsfield;Waitsfield
Newport News;Ньюпорт-Ньюс
Rhode Island;Род-Айленд
White River Junction;Уайт-Ривер-Джанкшн
Windsor;Виндзор
Berkeley Springs;Беркли-Спрингс
Woodstock;Вудсток
Vermont;Вермонт
Worcester;Вустер
Norfolk;Норфолк
Alexandria;Александрия
Annandale;Аннандейл
Bellingham;Беллингхэм
Arlington Area;Арлингтон Область
Petersburg;Петербург
Blacksburg;Блэксбург
Chantilly;Шантийи
Charlottesville;Шарлоттсвилль
Poquoson;Poquoson
Fairfax;Фэрфакс
Fredericksburg;Фредериксберг
Port Angeles;Порт Анжелес
Gainesville;Гейнсвилл
Portsmouth;Портсмут
Hampton;Хэмптон
Harrisonburg;Харрисонберге
Bow-Edison;Лук-Эдисон
Henry County;Генри Каунти
Richmond;Ричмонд
Roanoke;Роанок
Centralia;Централия
Springfield;Спрингфилд
Staunton;Стонтон
Vancouver;Ванкувер
Sterling;Стерлинг
Edmonds;Эдмондс
Suffolk;Саффолк
Vienna;Вена
Port Townsend;Порт Таунсенд
Virginia Beach;Вирджиния-Бич
Everett;Эверетт
Williamsburg;Вильямсбург
Winchester;Винчестер
Woodbridge;Вудбридж
Virginia;Вирджиния
Federal Way;Федерал Уэй
Kennewick;Кенневике
Seattle;Сиэтл
Kitsap County;Округа Китсап
Long Beach;Лонг-Бич
Yakima;Якима
Lopez Island;Лопес-Айленд
Sequim;В секьюим
Olympia;Олимпия
Vashon Island;Вашон Айленд
Orcas Island;Остров Оркас
Snohomish County;Снохомиш
Spanaway;Спэнуэй
Walla Walla;Уолла-Уолла
Spokane;Спокан
Washington;Вашингтон
Tacoma;Такома
Yelm;Yelm
Wenatchee;Уэнатчи
Whidbey Island;Остров Уидби
Grafton;Графтон
Charleston;Чарльстон
Harpers Ferry;Харперс-Ферри
Huntington;Хантингтон
Green Bank;Грин Банк
Hampshire County;Графство Хэмпшир
Martinsburg;Мартинсберг
Morgantown;Моргантаун
Moundsville;Маундсвилле
Wheeling;Катя
West Virginia;Западная Вирджиния
Appleton;Эпплтон
Allenton;Allenton
Ashland;Эшленд
Wisconsin;Висконсин
Bayfield;Бейфилд
Belgium;Бельгия
Colfax;Колфакс
Eau Claire;О-Клэр
Egg Harbor;Эгг-Харбор
Fish Creek;Фиш-Крик
Green Bay;Грин Бэй
Hayward;Хейворд
Hudson;Хадсон
Janesville;Джейнсвилле
La Crosse;Ла-Кросс
Lake Geneva;Женевское Озеро
Lake Nebagamon;Озеро Nebagamon
Luck;Удачи
Madison;Мэдисон
Manitowoc;Компания manitowoc
Menomonie;Меномони
Milwaukee;Милуоки
Oconto;Oconto
Oshkosh;Ошкош
Platteville;Городе platteville
Port Washington;Порт Вашингтон
Prescott;Прескотт
Racine-Kenosha;Расин-Г. Кеноша (Kenosha)
Reedsburg;Городе ридсбург
Rice Lake;Райс Лейк
Richland Center;Ричланд Центр
River Falls;Ривер-Фолс
Saint Croix Falls;Сен-Круа-Фоллс
Sheboygan;Шебойган
Shell Lake;Шелл-Лейк
Stevens Point;Стивенс Пойнт
Sturgeon Bay;Стерджен Бэй
Superior;Улучшенный
Viroqua;Viroqua
Washington Island;Вашингтон Айленд
Wausau-Merrill;Уосау-Меррилл
West Bend;Запад Бенд
Williams Bay;Уильямс-Бей
Wisconsin Dells;Висконсин-Деллз
Tianjin;Тяньцзинь
Cody;Коди
Bhutan;Бутан
Jackson;Джексон
Laramie;Ларами
Wyoming;Вайоминг
Sheridan;Шеридан
China;Китай
Angkor Wat;Ангкор Ват
Yunnan;Юньнань
Angkor Wat;Ангкор Ват
Phnom Penh;Пномпень
Cambodia;Камбоджа
Sihanoukville;Сиануквиль
Gili Trawangan Gili Islands;Гили Траванган, Острова Гили
Beijing;Пекин
Chengdu;Чэнду
Guangzhou;Гуанчжоу
Pondicherry;Пондичерри
Guilin;Гуйлинь
Bengaluru;Бангалор
Hong Kong;Гонконг
Jinan;Цзинань
Nanjing;Нанкин
Chennai;Ченнаи
Shanghai;Шанхай
Indonesia;Индонезия
Pune;Пуне
Delhi;Дели
Hyderabad;Хайдарабад
Kolkata;Калькутта
Rishikesh;Ришикеш
Mumbai;Мумбаи
Orissa;Орисса
Bhubaneswar;Бхубанесвар
India;Индия
Satna;Сатне
Dewa Sanzan;Орпо Sanzan
Java;Ява
Bali;Бали
Jakarta;Джакарта
Okayama;Окаяма
Kamakura;Камакура
Fukuoka;Фукуока
Kyoto;Киото
Hiroshima;Хиросима
Nara;Нара
Kobe;Кобе
Naoshima;Naoshima
Okinawa;Окинава
Osaka;Осака
Otsu, Shiga Prefecture;Оцу, Префектура Сига
Sapporo;Саппоро
Japan;Япония
Chofu City;Г. Тефу Города
Aoyama;Аояма
Chuo;Чуо
Asia;Азии
Tokyo;Токио
Ebisu;Эбису
Funabori;Funabori
Ginza;Гинза
Harajuku;Харадзюку
Kanda;Канда
Kinshicho;Kinshicho расположен
Koenji;Koenji
Meguro;Мегуро
Minato;Минато
Musashino City;Городе Мусашино Города
Nakano;Накано
Odaiba;Одайба
Omotesando;Омотесандо
Roppongi;Роппонги
Setagaya;Сэтагая
Shibuya;Сибуя
Shimokitazawa;Shimokitazawa
Shin-Okobu;Син-Okobu
Shinagawa;Синагава
Shinjuku;Синдзюку
Tameike Sannoh;Строительство Национального Парламента Sannoh
Singapore;Сингапур
Johor;Джохор
Johor;Джохор
Malaysia;Малайзия
Kuala Lumpur;Куала-Лумпур
Mongolia;Монголия
Ulaanbaatar;Улан-Батор
Myanmar;Мьянма
Yangon;Янгон
Bhaktapur;Бхактапур
Boudha;Boudha
Koh Samui;Самуи
Kathmandu;Катманду
Nepal;Непал
Lalitpur (AKA Patan);Лалитпур (или Патан)
Pusan;Пусан
Antipolo City;Антиполо
Baguio City;Город Багио
South Korea;Южная Корея
Cebu;Себу
Seoul;Сеул
Manila;Манила
Philippines;Филиппины
Olongapo City;Олонгапо-Сити
Colombo;Коломбо
Sri Lanka;Шри-Ланка
Matara;Матара
Kaohsiung;Гаосюн
Pai;Пай
Kenting;Кэньдин
Taichong;Taichong
Thailand;Таиланд
Taidong;Коммерческий район тайдун Циндао
Tainan;Тайнань
Taiwan;Тайвань
Taipei;Тайбэй
Bangkok;Бангкок
Chiang Mai;Чианг Май
Kathu;Кату
Hua Hin;Хуа Хин
Koh Phangan;Ко Панган
Placencia;Пласенсие
Patong;Патонг
Belize City;Белиз-Сити
Phuket Town;Пхукете
Phuket;Пхукет
Rawai and Nai Harn;Раваи и Най Харн
Danang;Дананг
Hanoi;Ханой
Belmopan;Бельмопан
Ho Chi Minh City;Хошимин
Vietnam;Вьетнам
Mui Ne;Муй-Не
Cristo Rey;Кристо Рей
Punta Gorda;Пунта-Горда
Hopkins;Хопкинс
Orange Walk;Ориндж-Уолк
Cartago;Картаго
Alajuela;Алахуэла
San Ignacio;Сан-Игнасио
Belize;Белиз
San Pedro;Сан-Педро
Tucurrique;Tucurrique
Arenal;Ареналь
Brasilito;Отель brasilito
Heredia;Эредиа
Dominical;Доминикал
Ciudad Colon;Сьюдад Колон
Herradura;Эррадура
Jaco;Хако
La Fortuna;Ла Фортуна
Limon;Лимон
Malpias;Malpias
Monteverde;Монтеверде
Montezuma;Монтесума
Nosara;Носара
Costa Rica;Коста-Рика
Central America;Центральная Америка
Playa Carmen;Плая Кармен
Poas volcano;Вулкан поас
Puerto Jimenez;Пуэрто-Хименес
Puntarenas;Пунтаренас
Osa Peninsula;Полуостров Оса
Pérez Zeledón;Перес Zeledón
Quepos;Куэпос
Samara;Самара
San Jose;Сан-Хосе
San Ramon;Сан-Рамон
San Vito;Сан-Вито
Santa Ana;Санта-Ана
Santa Teresa;Санта-Тереза
El Salvador;Сальвадор
San Salvador;Сан-Сальвадор
Guatemala;Гватемала
La Ceiba;Ла-Сейба
El Calafate;Эль-Калафате
San Pedro Sula;Сан-Педро-Сула
Tegucigalpa;Тегусигальпа
Honduras;Гондурас
Utila;Утила
Nicaragua;Никарагуа
Ushuaia;Ушуайя
Boquete;Бокете
El Chalten;Эль Чальтен
Cerro Azul;Серро-Асуль
David;Дэвид
Las lajas;Лас-лахас
La Plata;Ла-Плата
Panama City;Панама-Сити
Pedasi;Pedasi
Argentina;Аргентина
Playa Venao;Плайя Местности
Mar del Plata;Мар-дель-плата
Santa Catalina;Санта-Каталина
Panama;Панама
Volcan;Волкан
Buenos Aires;Буэнос-Айрес
Vicente López;Висенте Лопес
Capital Federal;Столица Федеральной
Mendoza;Мендоса
Cañuelas;Города cañuelas
Cordoba;Кордоба
Florianopolis;Флорианополис
Olivos;Оливос
Palermo;Палермо
Palermo Viejo;Палермо Вьехо
Aguas De Sao Pedro;Агуас-Ди-Сан-Педру
Puerto Iguazu;Пуэрто-Игуасу
Cochabamba;Кочабамба
Rosario;Росарио
Salta;Сальта
San Carlos de Bariloche;Сан-Карлос-де-Барилоче
Copacabana;Копакабана
San Juan;Сан-Хуан
San Martin;Сан-Мартин
Bombinhas;Бомбиньяс
San Miguel De Tucuman;Сан-Мигель-Де-Тукуман
Coroico;Коройко
San Salvador De Jujuy;Сан-Сальвадор-Де-Жужуй
Soychu;Soychu
Americana;Американа
Tilcara;Тилькаре
La Paz;Ла-Пас
Potosi;Потоси
Araraquara;Араракуара
Santa Cruz;Санта-Круз
Sucre;Сукре
Bolivia;Боливия
Uyuni;Уюни
Campo Grande;Кампо-Гранде
Assis;Ассис
Brasilia;Бразилиа
Atibaia;Атибая
Bage;Баже
Belem;Белем
Caxias Do Sul;Кашиас-ДУ-Сул
Buzios;Бузиос
Campo Limpo;В Campo Limpo
Camboriu;Камбориу
Campinas;Кампинас
Campos Dos Goytacazes;Goytacazes Кампус-Дус
Feira De Santana;Фейра-Ди-Сантана
Cotia;Котии
Distrito Federal;Федеральный Округ
Fortaleza;Форталеза
Foz Do Iguacu;ФОС-ДУ-Игуасу
Garopaba;Гаропаба
Goiania;Гояния
Itacare;Итакаре
Itajai;Итажаи
Jundiai;Жундиаи
Maceio;Масейо
South America;Южная Америка
Brazil;Бразилия
Manaus;Манаус
Marilia;Марилия
Natal;Натал
Niterói;Нитерой
Palmeiras;Палмейрас
Pelotas;Г. пелотас (pelotas)
Piracicaba;Пирасикабе
Pirenopolis;Пиренополисе
Pocos De Caldas;Посус-Ди-Калдас
Porto Alegre;Порту-Алегри
Recife;Ресифи
Ribeirao Preto;Рибейран-Прету
Rio de Janeiro;Рио-де-Жанейро
Salvador;Сальвадор
San Jose Dos Campos;Сан-Жозе-Дус-Кампус
Santarem;Сантарем
Santos;Сантос
Sao Carlos;Сан-Карлос
Sao Joao De Meriti;Сан-Жуан-Де-Meriti
Sao Jose Do Rio Preto;Сан-Жозе-ДУ-Риу-Прету
Sao Lourenco;Сан-Лоренсу
Sao Paulo;Сан-Паулу
Serra Grande;Серра-Гранди
Sorocaba;Сорокаба
Taguatinga;Тагуатинга
Teresopolis;Терезополисе
Ubatuba;Убатуба
Uberlandia;Уберландия
Vitoria;Витория
Fusagasuga;Фусанасуге
Arica;Арика
Valparaiso;Вальпараисо
Bí­o Bí­o;Био-Био
Chiloe Island;Остров Чилоэ
Chile;Чили
Concepcion;Консепсьон
Vina Del Mar;Винья-Дель-Мар
Iquique;Икике
La Serena;Ла-Серена
Magallanes;Магальянес
Osorno;Осорно
Pucon;Пукон
Antioquí­a;Антиокии
San Pedro de Atacama;Сан-Педро-де-Атакама
Pasto;Пасто
Santiago;Сантьяго
Guatavita;Гуатавита
Armenia;Армения
Atlántico;Атлантико
Barichara;Баричары
Ibague;Ибаге
Barranquilla;Барранкилья
Bogota;Богота
Villa de Levya;Вилла-де-Levya
Bucaramanga;Букараманге
Leticia;Летисия
Buenaventura;Буэнавентура
Buga;Буга
Pereira;Перейра
Cali;Кали
Manizales;Манисалес
Cartagena;Картахена
Cartago;Картаго
Chia;Чиа
Medellín;Медельин
Chia;Чиа
Selento;Selento
Popayan;Попайан
Meta;Мета
Mocoa;Mocoa
Monteria;Г. монтерия (monteria)
Risaralda;Рисаральда
Monteria;Г. монтерия (monteria)
Neiva;Нейва
Soacha;Соача
San Agustin;Сан-Агустин
San Gil;Сан-Хиль
Santa Marta;Санта-Марта
Santander;Сантандер
Tunja;Тунха
Cuenca;Куэнка
Valle de Cauca;Валье-де-Каука
Colombia;Колумбия
Banos;Баносе
Canoa;Каноа
Chugchilan;Chugchilan
Guayaquil;Гуаякиль
Guayas;Гуаяс
Imbabura;Имбабура
Loja;Лоя
Machala;Мачала
Montanita;Монтанисты
Otavalo;Отавало
Pichincha;Пичинча
Puerto Ayora;Пуэрто-Айора
Puyo;Пуйо
Quito;Кито
Samborondon;Samborondon
Havana;Гавана
Tena;Тена
Tacna;Такна
Tulcan;Г. тулькан (tulcan)
Ecuador;Эквадор
Vilcabamba;Вилькабамбе
Guyana;Гайана
Georgetown;Джорджтаун
Asuncion;Асунсьон
Merida;Мерида
Ciudad Del Este;Сьюдад-Дель-Эсте
Tarapoto;Тарапото
Lambare;Lambare
Saltos Del Monday;Сальтос-Дель-Понедельник
Paraguay;Парагвай
San Lorenzo;Сан-Лоренцо
Amazonas;Амазонас
Trujillo;Трухильо
Arequipa;Арекипа
Ayacucho;Аякучо
Peru;Перу
Bagua Grande;Багуа-Гранде
Urubamba;Урубамба
Cajamarca;Кахамарка
Chiclayo;Чиклайо
Cusco;Куско
Huacachina;Уакачина
Suriname;Суринам
Huanchaco;Уанчако
Paramaribo;Парамарибо
Huaraz;Уарас
Ica;Ика
Iquitos;Икитос
Junin;Хунин
Speightstown;Спайтстаун
La Libertad;Ла-Либертад
Ciudad De La Costa;Сьюдад-Де-Ла-Коста
Lima;Лима
Mancora;Манкоре
Oranjestad,;Ораньестад,
Pisac;Писак
Colonia Del Sacramento;Колония-Дель-Сакраменто
Piura;Пиуро
Pucallpa;Пукальпа
Puno;Пуно
San Martin;Сан-Мартин
Montevideo;Монтевидео
Porlamar;Порламар
Punta del Este;Пунта-дель-Эсте
Uruguay;Уругвай
Rocha;Роша
Aragua;Aragua
Barbados;Барбадос
Barquisimeto;Баркисимето
Santa Elena De Uairen;Санта-Елена-Де-Uairen
Carabobo;Карабобо
Caracas;Каракас
St. Peter, Barbados;Сент-Питер, Барбадос
Ciudad Bolivar;Сьюдад-Боливар
Táchira;Тачире
Coro;Коро
Lara;Лара
Maracaibo;Маракайбо
Venezuela;Венесуэла
Zulia;Сулия
Bermuda;Бермудские острова
Grand Bahama;Гранд Багама
Nassau;Нассау
Bahamas;Багамские острова
New Providence;Нью-Провиденс
Cuba;Куба
Pinar del Rio;Пинар-дель-Рио
Bridgetown;Бриджтаун
British Virgin Islands;Британские Виргинские Острова
Cayman Islands;Каймановы Острова
Camaguey;Камагуэй
Santiago;Сантьяго
Jarabacoa;Харабакоа
Punta Cana;Пунта-Кана
Dominican Republic;Доминиканская Республика
Santo Domingo;Санто-Доминго
Negril;Негрил
Grenada;Гренада
Falmouth;Фалмут
Kingston;Кингстон
Ocho Rios;Очо-Риос
Treasure Beach;Пляж Сокровищ
Jamaica;Ямайка
Caribbean;Карибский
Aguada;Агуада
Puerto Rico;Пуэрто-Рико
Aguadilla;Агуадилья
Bayamon;Баямон
Cabo Rojo;Кабо Рохо
Caguas;Кагуасе
Central Mountains;Центральной Горы
Culebra;Кулебра
East Coast;Восточное Побережье
Fajardo;Фахардо
Guaynabo;Гуайнабо
Humacao;Умакао
Isabela;Исабела
La Moca;Ла Мока
Luquillo;Лукильо
Mayaguez;Майягуэс
North Coast;Северное Побережье
Ponce;Понсе
Rincon;Ринкон
San Juan;Сан-Хуан
Sierra Bayamon;Сьерра-Баямон
South Coast;ЮБК
Vega Baja;Вега-Баха
Vieques;Вьекес
West Coast;Западное Побережье
Western Mountains;Западных Гор
Saint Lucia;Сент-Люсия
Castries City;Город Кастри
St Martins;Сент-Мартинс
Gold Coast;Голд-Кост
Crown Point;Краун Пойнт
Port of Spain;Порт-оф-спейн
Trinidad and Tobago;Тринидад и Тобаго
Scarborough;Скарборо
Egypt;Египет
Adelaide;Аделаида
Katoomba;Катумба
Alice Springs;Алис-Спрингс
Brisbane;Брисбен
Kaitaia;Каитаиа
Byron Bay;Байрон-Бей
Maitland;Мейтленд
Caboolture;Районе кабулчер
Cairns;Кернс
Canberra;Канберра
Melbourne;Мельбурн
Central Coast;Центральное Побережье
Darwin;Дарвин
Cairo;Каир
Dunsborough;Дансборо
Nelson;Нельсон
Mullumbimby;Mullumbimby
Nimbin;Нимбин
Perth;Перт
Palmerston North;Палмерстон-Норт
Sunshine Coast;Саншайн-Кост
Sydney;Сидней
Kenya;Кения
Tasmania;Тасмания
Toowoomba;Тувумба
Queenstown;Квинстаун
Auckland;Окленд
Christchurch;Крайстчерч
Dunedin;Данидин
Wellington;Веллингтон
Greymouth;Греймут
Greytown;Грейтауне
Hamilton;Гамильтон
Hawkes Bay;Хокс-Бей
Westport;Вестпорт
Ethiopia;Эфиопия
Angola;Ангола
Addis Ababa;Аддис-Абеба
Cabo Verde;Кабо-Верде
Cameroon;Камерун
Douala;Дуала
Nairobi;Найроби
Marrakesh;Марракеш
Accra;Аккра
Ghana;Гана
Cape Coast;Кейп-Кост
Mauritius;Маврикий
Mozambique;Мозамбик
Morocco;Марокко
Essaouira;Эс-сувейра
Maputo;Мапуту
Tanger;Танжер
Seychelles;Сейшельские острова
Durban;Дурбан
Victoria;Виктория
Cape Town;Кейптаун
Helderberg;Хельдерберг
Johannesburg;Йоханнесбург
South Africa;Южная Африка
Uganda;Уганда
Tanzania;Танзания
Zanzibar;Занзибар
Africa;Африка
Zimbabwe;Зимбабве
Harare;Хараре
Isfahan;Исфахан
Shiraz;Шираз
Tabriz;Табриз
Iran;Иран
Barg e Sabz برگ سبز;Барг е Сабз برگ سبز
North East of Tehran شمال شرق تهران;К северо-востоку от Тегерана شمال شرق تهران
Tehran;Тегеран
West of Tehran غرب تهران;К западу от Тегерана غرب تهران
Iraq;Ирак
Dimona;Димона
Galilee;Галилея
Haifa;Хайфа
Jerusalem;Иерусалим
Netanya;Нетания
Jordan;Иордания
Kuwait;Кувейт
Lebanon;Ливан
Palestine;Палестина
Istanbul;Стамбул
Turkey;Турция
İzmir;Измир
United Arab Emirates;Объединенные Арабские Эмираты
Dubai;Дубай
Fiji;Фиджи
Lautoka;Лаутока
Guam;ГУАМ
Mo'orea;МО'orea
Pacific Islands;Тихоокеанских Островов
Tahiti;Таити
Internet;Интернет
IAD - Washington Dulles;Iad - Вашингтон Даллеса
New Jersey;Нью-Джерси
Maplewood;Мэйплвуд
Israel;Израиль
Airports;Аэропорты
MDW - Chicago Midway International Airport;Mdw-файла - Международный аэропорт Чикаго Мидуэй
Middle East;Ближний Восток
Oregon;Орегон
East Bay;Ист-Бэй
California;Калифорния
Winston;Уинстон
Curitiba;Куритиба
Granby;Грэнби
North America;Северная Америка
Barcelona;Барселона
Sweden;Швеция
Providence;Провиденс
Phoenix/Tempe Metro;Феникс/Темпе Станции
Europe;Европа
New Zealand;Новая Зеландия
Rotorua;Роторуа
Australia;Австралия
South Coast;ЮБК
Tel Aviv;Тель-Авив
